Item,P5531,P3377,P2088,P856
Q17050423,0001494259,CARG:US,cargurus,https://www.cargurus.com/
Q30290314,0001287098,MXCT:LN,maxcyte,https://maxcyte.com/
Q17019665,,OXB:LN,oxford-biomedica,https://oxb.com/
Q4546965,0001441816,,mongodb-inc,https://www.mongodb.com/
Q4549202,0001423493,4124678Z:US,1366-technologies,https://cubicpv.com/
Q216272,0001804591,,,https://www.23andme.com/
Q30259064,0001499761,0342983Z:US,24m-technologies,https://24-m.com/
Q85738240,0001436345,0289988Z:US,33across,https://www.33across.com/
Q17507863,0001320112,,4info,
Q279389,0001167178,,a123systems,http://www.a123systems.com/
Q4667901,0001507278,8163941Z:US,abiquo-group,
Q30270758,0001427925,,acelrx-pharmaceuticals,https://www.acelrx.com
Q14944944,0001388951,,achronix-semiconductor,https://www.achronix.com/
Q4674765,0001427730,,acquia,https://www.acquia.com/
Q342813,,723006Z:US,acronis,https://www.acronis.com/
Q4676825,0001465523,0343063Z:US,actifio,https://www.actifio.com/
Q18204835,0001163932,,active-network,https://www.activenetwork.com/
Q104479894,0001165260,2251801Z:US,acufocus,https://acufocus.com/
Q100955919,0001545672,8171197Z:US,adimab,https://www.adimab.com/
Q30260263,0001368514,,adma-biologics,https://www.admabiologics.com/
Q4688284,0001372414,,aerohive-networks,https://www.extremenetworks.com/
Q4716206,0001274384,,alereon,http://www.alereon.com/
Q1359568,0001577552,BABA:US,alibaba,https://alibabagroup.com/
Q4726469,,,alien-technology,
Q4726659,0001267602,,alimera-sciences,https://alimerasciences.com/
Q16159380,0001422910,,allegro-development-corporation,https://www.allegrodev.com/
Q4733261,0001345630,,allozyne,http://allozyne.com/
Q16999083,0001428433,,,
Q16827821,0001131543,AMBI:US,ambit-biosciences,https://www.ambitbio.com/
Q100955904,0001264647,,,https://ambrx.com/
Q4744658,0001434931,0343263Z:US,american-pathology-partners,https://www.arianadx.com/
Q30268831,0001178879,,amicus-therapeutics,https://www.amicusrx.com/
Q30297684,0001125302,,aoptix-technologies,https://aoptix.com/
Q30269449,0001583887,,apnicure,https://apnicure.com/
Q50039483,0001251769,,apollo-endosurgery,https://apolloendo.com/
Q4780783,0001435043,,appdynamics,https://www.appdynamics.com/
Q4782114,,,aprimo,https://www.aprimo.com/
Q25245322,0001316016,,aquantia,
Q43894859,0001143527,,archemix,
Q50039488,0001437402,ARDX:US,ardelyx,https://ardelyx.com/
Q22021754,0001229505,,ardent-health-services,https://ardenthealth.com/
Q30286793,0001429753,,,
Q4802566,0001159412,,arxan-technologies,https://digital.ai/application-protection
Q4802629,0001464669,8398840Z:US,aryaka-networks,https://www.aryaka.com/
Q30297281,,,numotion,https://www.numotion.com/
Q757307,0001650372,,atlassian,https://www.atlassian.com/
Q30256881,0001323885,,atricure,https://www.atricure.com/
Q4812278,,4922472Z:US,workfront,https://www.workfront.com/
Q30286352,0001339970,LIFE:US,atyr-pharma,https://atyrpharma.com/
Q50813730,,,invaluable,https://www.invaluable.com/
Q2872634,0001608418,,automattic,https://automattic.com/
Q4827929,0001777921,,avepoint,https://www.avepoint.com/
Q4833037,0001240319,,azul-systems,https://www.azul.com/
Q30286506,0001636982,1275233D:US,balance-therapeutics,http://balance-therapeutics.com/
Q104479990,0001365603,,baronova,http://baronova.com/
Q812651,0001330421,,bazaarvoice,https://www.bazaarvoice.com/
Q28008011,0000861838,,idera,https://www.idera.com/
Q104480022,0001761612,BCYC:US,bicycle-therapeutics,https://www.bicycletherapeutics.com/
Q17005671,0001516885,8256903Z:US,big-switch-networks,https://www.arista.com/en/bigswitch
Q18205529,0001786352,BILL:US,bill-com,https://www.bill.com/
Q4914605,0000822418,,bioclinica,https://clario.com/
Q61934361,0001653087,,alector,https://alector.com/
Q24534669,,1144762D:US,indigoag,https://www.indigoag.com/
Q17068357,0001589263,0883327D:US,mapbox,https://www.mapbox.com/
Q18712494,0001645606,0132690Z:US,postmates,https://postmates.com/
Q99744172,0001595585,,tricida,http://www.tricida.com/
Q3344170,,,upwork,https://www.upwork.com
Q43896210,0001600132,,bellerophon-therapeutics,
Q22908948,0001651810,2657158Z:US,sovrn,https://www.sovrn.com/
Q30271613,0001595566,,apeel-sciences,https://www.apeel.com/
Q21190510,0001764757,,didi-dache,https://didiglobal.com/
Q30269296,0001604950,,scpharmaceuticals,https://www.scpharmaceuticals.com/
Q18658020,0001699967,1357:HK,meitu,
Q28401895,,,hourlynerd,https://services.gocatalant.com/
Q19831929,,,malwarebytes,https://www.malwarebytes.com/
Q38922434,,0732216D:US,circle-ci,https://circleci.com/
Q55642736,,,yi-technology,https://www.yitechnology.com
Q619899,0001459517,,mashable,https://mashable.com/
Q19865696,0001253176,,vapotherm,https://vapotherm.com/
Q30256411,0001490171,,,
Q41568384,,,ceres-imaging,https://www.ceresimaging.net/
Q30268854,0001512762,,coherus-biosciences,
Q7638158,0001469367,RUN:US,sunrun,https://www.sunrun.com/
Q41568575,0001835567,,pear-therapeutics,https://peartherapeutics.com/
Q30265445,0001601983,,chrono-therapeutics,http://chronothera.com/
Q7128508,0001327567,,palo-alto-networks,https://www.paloaltonetworks.com
Q24885857,0001595340,,barefoot-networks,
Q17091465,0001456554,4121833Z:US,netbase,https://netbasequid.com/
Q355022,0001604278,,imgur,https://imgurinc.com/
Q18208141,0001366527,,bit9,https://www.vmware.com/security.html
Q43896977,0001792267,BNR:US,burning-rock-biotech,
Q7808625,0001764925,,slack,https://slack.com/
Q54308709,0001610701,1005300D:US,super-evil-mega-corp,https://www.superevilmegacorp.com/
Q16971795,,,brainly-com,https://brainly.com/
Q104754670,0001621504,0967095D:AU,campaign-monitor,https://www.campaignmonitor.com/
Q19874631,,1068951D:US,invoice2go,https://invoice.2go.com/
Q1121892,0001502522,,opendns,https://www.opendns.com/
Q17001443,,0676690D:US,bitpay,https://bitpay.com/
Q16040166,,,drivy,https://fr.getaround.com/
Q2905238,,0119903D:FP,blablacar,https://www.blablacar.co.uk/
Q3808604,,0160946D:IM,job-rapido,https://us.jobrapido.com
Q22078063,0001640147,SNOW:US,snowflake-computing,https://www.snowflake.com/
Q16927998,,,splashthat,https://splashthat.com
Q50038748,,,nucleix,https://nucleix.com/
Q22000919,0001872342,1022770D:LN,deliveroo,https://deliveroo.co.uk/
Q18208378,0001615718,,xapo,https://www.xapo.com/
Q15861362,0001860300,,patreon,https://www.patreon.com/
Q18343497,0001423602,,pond5,https://www.pond5.com/
Q96373787,,,bookbub,https://www.bookbub.com/welcome
Q6971147,,8159366Z:IN,national-bulk-handling,https://www.nbhcindia.com/
Q19258242,,,ask-chemicals,https://www.ask-chemicals.com/home
Q22909236,0001579091,1586789D:US,instacart,https://www.instacart.com/
Q28222607,0001406931,,tanium,https://www.tanium.com/
Q28127079,,,altschool,https://learnercentered.org/
Q17084399,0001611801,,opengov,https://opengov.com/
Q17087863,0001690904,,ubiome,
Q23000507,,,peopledoc,https://www.people-doc.com/
Q18154756,0001840502,54026Z:US,taboola,https://www.taboola.com/
Q30269079,0001468806,,innocoll-holdings,https://www.innocoll.com/
Q28136450,,0995182D:LN,roli,https://roli.com/
Q7433515,,0772144D:US,science-exchange,https://ww2.scienceexchange.com/s/
Q18155123,0001783879,1278015D:US,robinhood,https://robinhood.com/us/en/
Q30260262,0001621227,,adaptimmune,https://www.adaptimmune.com/
Q30263140,0001501134,NVTA:US,invitae-corporation,https://www.invitae.com/en
Q7838011,0001614028,,trello,https://trello.com/
Q17143517,,,justpark,https://www.justpark.com/
Q60488844,0001544373,,iex,https://exchange.iex.io
Q7441960,0001481915,0925807D:US,seatgeek,https://seatgeek.com/
Q19878991,,,imperial-metals,https://imperialmetals.com/
Q7801459,0001408242,,tiger-resources,http://www.tigerresources.com.au/
Q29526078,0001461886,,bloom-energy,http://bloomenergy.com/
Q30268883,0001557883,,dermira,https://www.dermira.com/
Q2805487,,,catawiki,https://www.catawiki.com/en/
Q19867512,0001581184,,zoomdata,https://www.logianalytics.com
Q20714382,0001621344,1074870D:US,hipcamp,https://www.hipcamp.com/en-US
Q64142189,0001590416,,6sensor-labs,https://nimasensor.com/
Q25325419,,,bright-computing,https://www.brightcomputing.com
Q1136,0001713445,0893288D:US,reddit,https://www.redditinc.com/
Q16959158,0001855457,8394533Z:AU,kore-wireless-group,https://www.korewireless.com
Q85741850,,1351637D:US,anodot,https://www.anodot.com/
Q25339988,0001603015,1229973D:US,via-transportation,https://ridewithvia.com/
Q17108073,,,scopely,https://scopely.com/
Q106411720,0001819133,,tango-therapeutics,https://www.tangotx.com/
Q107518109,0001628171,RVMD:US,revolution-medicines,https://www.revmed.com/
Q17054335,0001571719,,giphy,https://giphy.com/
Q19864979,0001619181,,classpass,https://classpass.com/
Q28956397,,,minio-inc,https://min.io/
Q55604020,,,threatstream,https://www.anomali.com/
Q50039797,,1690033D:US,schweiger-dermatology,https://www.schweigerderm.com/
Q21892650,0001516587,1041069D:US,docker,https://www.docker.com/
Q23135213,0001572356,,ubeam,http://sonicenergy.com/
Q22908867,,,alfred,https://helloalfred.com/
Q17067327,0001592800,,freight-farms,https://www.freightfarms.com/
Q104479983,0001612042,,ascendis-pharma,https://ascendispharma.com/
Q4822735,0001427787,,ausenco,https://ausenco.com/
Q7833987,,0777864D:LN,transferwise,https://wise.com/
Q85761771,0001623872,,forward-networks,https://forwardnetworks.com/
Q18351488,,,magic-leap,https://www.magicleap.com/en-us
Q97321374,0001848117,1229601D:US,skydio,https://www.skydio.com/
Q8067635,,954087Z:US,zazzle,https://www.zazzle.com/
Q790795,,,aviapartner,https://www.aviapartner.aero/
Q4997443,0001379545,,bunchball,https://www.biworldwide.com/gamification/bunchball-nitro/?utm_source=bunchball.com&utm_medium=referral&utm_campaign=domain_redirect
Q81654756,0001709401,RUBY:US,rubius-therapeutics,https://www.rubiustx.com/
Q18136409,0001598000,,ello,https://ello.co/
Q104845106,,,smartcar,https://smartcar.com/
Q5635492,,,source-corp,https://www.exelatech.com/
Q7844320,,,triton-digital-media,https://www.tritondigital.com/
Q30283420,0001478320,,adaptive-biotechnologies,https://www.adaptivebiotech.com/
Q4928776,0001529216,8373525Z:US,bluestacks,https://www.bluestacks.com/
Q30610132,0001677226,0865920D:US,plaid,https://plaid.com/
Q25303242,,,socratic,https://socratic.org/
Q45133036,0001636282,,aeglea-biotherapeutics,https://www.aeglea.com/
Q27926304,0001338929,,global-fashion-group,https://global-fashion-group.com/
Q17061030,0001756708,,jumia-group,https://group.jumia.com/
Q18209310,0001538860,,continuum-analytics,
Q20714717,,,fundbox,https://fundbox.com/
Q52144716,0001638842,,,https://playground.global/
Q28407257,0001578014,,cybereason,http://www.cybereason.com/
Q65944364,,1255298D:IN,swiggy,https://www.swiggy.com/
Q43896128,0001339469,,chiasma,https://chiasma.com/
Q63417942,0001687403,1008952D:US,benchling,https://www.benchling.com
Q50079115,0001637536,,improbable,https://www.improbable.io/
Q4836201,0001469313,BOKU:LN,boku,https://www.boku.com/
Q16983127,0001553859,0760680D:US,wandera,https://www.wandera.com/
Q65074533,,,alluxio,https://www.alluxio.io/
Q4780797,0001424286,,appnexus,https://www.xandr.com
Q48806569,,,wayup,https://www.wayup.com/
Q104726619,,,stackrox,https://www.redhat.com/en/technologies/cloud-computing/openshift/advanced-cluster-security-kubernetes
Q30268698,0001631650,,allergen-research-corporation,
Q28186691,0001615306,,andela,https://andela.com/
Q21978988,0001548053,0987514D:US,talkspace,https://www.talkspace.com/
Q16924332,,,dji,https://www.dji.com/
Q30269167,0001703287,,nabriva-therapeutics,https://nabriva.com/
Q39055049,0001639723,1484497D:US,tripactions,https://www.tripactions.com/
Q55632125,,,hodinkee,https://www.hodinkee.com/
Q94758727,0001699838,1121747D:US,confluent,https://www.confluent.io/
Q18611497,0001647742,,zestyapp,
Q30267365,0001654441,,precision-nanosystem,https://www.precisionnanosystems.com/
Q30265497,0001633540,,spyryx-biosciences,http://spyryxbio.com/
Q17150241,0001642852,0932547D:FP,algolia,https://www.algolia.com/
Q27150197,0001744502,,cohesity,https://www.cohesity.com/
Q104481192,0001676725,,ideaya-biosciences,https://www.ideayabio.com/
Q83490533,0001642896,1284703D:US,samsara-2,https://samsara.com/
Q28409115,,,keybase,https://keybase.io/
Q104845347,0001584032,,freshly,https://www.freshly.com/
Q64142351,,,expanse-inc,https://expanse.co/
Q29035362,0001635371,1319796D:US,newstore,https://www.newstore.com/
Q18154898,0001562216,,paxata,https://www.datarobot.com/platform/dataprep/?redirect_source=paxata.com
Q18206046,,,cloudpassage,https://fidelissecurity.com/
Q25099325,,,spoonflower,https://www.spoonflower.com/
Q55642629,,,wag,https://wagwalking.com/
Q54953968,0001573127,,outdoor-voices,https://www.outdoorvoices.com/
Q23680003,0001580864,VRM:US,vroom-com,https://www.vroom.com/
Q63481268,,,alooma,
Q24910393,,,typeform,https://www.typeform.com/
Q22907075,0001604975,,move-loot,http://moveloot.com/
Q28222808,0001718624,1553896D:US,eshares,https://carta.com/
Q85776623,,,lightricks,https://www.lightricks.com/
Q54621387,0001652130,,intellia-therapeutics,https://www.intelliatx.com/
Q18395464,,,worthy,https://worthy.com/
Q30269284,0001649904,,rhythm-pharmaceuticals-2,https://www.rhythmtx.com/
Q5574625,,,gofundme,https://www.gofundme.com/
Q14933257,0001638859,,cartodb,https://carto.com/
Q24909927,0001690367,1325314D:IT,logz-io,https://logz.io/
Q16186120,,,medium,https://medium.com/
Q30639386,0001651005,,rapidsos,https://rapidsos.com/
Q43082944,0001652640,,pioneer-square-labs,
Q7692916,0000096831,,tecumseh-products,http://www.tecumseh.com/en/na/
Q25024981,0001815611,,codecombat,https://codecombat.com/
Q23132603,,,jopwell,https://www.jopwell.com/
Q21070780,,,gigster,https://gigster.com/
Q104481126,0001651311,,merus,https://merus.nl/
Q106411735,0001812364,,relay-therapeutics,https://relaytx.com/
Q97041244,0001746473,,pliant-therapeutics,https://pliantrx.com/
Q11815456,,,pekaes-s-a,https://www.pekaes.pl/
Q7942372,,,voxbone,https://www.bandwidth.com/
Q7001355,0001387713,,neulion,https://www.endeavorstreaming.com
Q30261278,0001616543,,senseonics,https://www.senseonics.com/
Q85852470,0001657573,1340437D:US,xometry,https://www.xometry.com/
Q29096796,0001580985,,zerofox,https://www.zerofox.com/
Q104481162,0001680581,,fulcrum-therapeutics,https://www.fulcrumtx.com/
Q99744291,0001690585,MGTA:US,magenta-therapeutics,https://www.magentatx.com/
Q100956120,0001693198,,goldfinch-biopharma,https://www.goldfinchbio.com/
Q17070790,0001703280,,overops,https://www.overops.com/
Q20800404,0001652044,,alphabet,https://abc.xyz/
Q22031467,,IDFCBK:IN,,
Q30269142,0001267813,,marinus-pharmaceuticals,https://marinuspharma.com/
Q96636373,0001658501,1340121D:US,havenly,https://havenly.com/
Q19802298,,1095033D:CN,carson-air,https://www.carsonair.com/
Q60741239,,,drive-ai,
Q22908307,,1304654D:LN,revolut,https://revolut.com/en-US
Q22000562,,,carwow,https://www.carwow.co.uk/
Q22248343,,,doctolib,https://www.doctolib.fr/
Q30283245,0001658247,,crinetics-pharmaceuticals,https://crinetics.com/
Q1319169,,,skyscanner,https://www.skyscanner.com/?previousCultureSource=GEO_LOCATION&redirectedFrom=www.skyscanner.net
Q5413454,,,accountor-group,https://www.accountor.com/en?country=global
Q53806597,0001711895,1572114D:US,data-camp,https://www.datacamp.com/
Q18150164,0001658153,,earnest,https://www.earnest.com/
Q48965215,,0824503D:US,intercom,https://www.intercom.com/
Q41904352,,,locationsmart,
Q7111411,,,outsystems,https://www.outsystems.com/
Q30260739,0001614170,SYBX:US,synlogic,https://www.synlogictx.com/
Q60773092,0001671400,,lola-travel-company-inc,https://lola.com/
Q20857873,,1284590D:US,cockroach-labs,https://www.cockroachlabs.com/
Q106631196,0001835830,1312075D:US,klaviyo,https://www.klaviyo.com/
Q28449348,,,ready4,
Q38819634,,,,https://www.rigetti.com/
Q46996029,0001668747,,brandless,https://brandless.com/
Q635942,0001471443,,brightsource-energy,http://www.brightsourceenergy.com/
Q28406980,0001572900,,icertis,
Q104481029,0001537512,,magnolia-medical-technologies,https://magnolia-medical.com/
Q63725648,,1411625D:GR,celonis,https://www.celonis.com/
Q27899411,,,nutonomy,http://nutonomy.com/
Q104481262,0001632083,ALPN:US,alpine-immune-sciences,https://www.alpineimmunesciences.com/
Q87556967,0001671858,SBTX:US,silverback-therapeutics,https://silverbacktx.com/
Q22907849,0001763840,1578149D:US,discord,https://discord.com/
Q16186120,,,medium,https://medium.com/
Q83256211,0001676221,,travelperk,https://www.travelperk.com/
Q36879490,0001693234,,rappi,https://www.rappi.com/index.html
Q24079926,,,bigscreen,https://bigscreenvr.com/
Q65089362,,,bonfire-studios,http://www.bonfirestudios.com/
Q107518314,0001676446,,freenome,https://www.freenome.com/
Q7783585,,,trainline,https://www.thetrainline.com/
Q68414326,,1210956D:FP,shift-technology,https://www.shift-technology.com/
Q28135616,,,playment,https://www.playment.io/
Q30324680,,,instabug,https://instabug.com/
Q96791280,0001481646,ACCD:US,accolade,https://www.accolade.com/
Q56027522,,,julia-computing,https://juliacomputing.com/
Q30271968,,,,https://flyzipline.com/
Q85756154,,,deepmap,https://www.nvidia.com/en-us/self-driving-cars/hd-mapping/
Q21463167,0001720671,1218138D:US,hashicorp,https://www.hashicorp.com/
Q64142358,0001470994,,promentis-pharmaceuticals,https://promentispharma.com/
Q30269416,0001657312,,verona-pharma,https://www.veronapharma.com/
Q4973660,,,bromium,https://www.hp.com/us-en/security/enterprise-pc-security.html
Q106283260,0001654843,1439329D:US,guild-education,https://www.guildeducation.com/
Q18156798,0001814329,,astra-2,https://astra.com/
Q55138084,0001789501,,pagecloud,https://www.pagecloud.com/
Q19757718,,1487284D:IN,paytm,https://paytm.com/en
Q153152,,,anine-bing,https://www.aninebing.com/
Q69652198,0001617956,,flosports,https://www.flosports.tv/
Q25422888,0001691493,,nubank,https://nubank.com.br/
Q59788069,0001595209,,zola,https://www.zola.com/
Q85847091,0001643176,,roofstock,https://www.roofstock.com/
Q60786375,,1575948D:US,unitedmasters,https://unitedmasters.com/
Q104481180,0001782303,1744935D:US,boundless-bio,https://boundlessbio.com/
Q107355248,,,dooly-research,https://www.dooly.ai/
Q107284444,0001720840,1551202D:US,current-6,https://current.com/
Q105822907,0001751020,1441280D:US,truebill,https://www.truebill.com/
Q30290691,0001042074,CBAY:US,cymabay-therapeutics,https://www.cymabay.com/
Q106221884,0001704292,ZLAB:US,zai-lab,http://zailaboratory.com/
Q18397448,0001472879,,,https://www.wcap.ca/
Q43080151,0001789097,1527041D:US,,https://insilico.com/
Q21708200,,1554630D:US,,https://openai.com/
Q60769460,,1118566D:US,,https://floqast.com/
Q21978988,0001803901,TALK:US,,https://www.talkspace.com/
Q66809068,0001724904,1559650D:US,,https://thriveglobal.com/
Q108896760,,1849437D:US,,https://www.fireblocks.com/
Q107377464,0001595910,0605173D:US,,https://www.noom.com/
Q16927950,,0865151D:IT,,https://www.overwolf.com/pages/homepage/
Q3414269,,3023703Z:FP,,https://www.questel.com/
Q17078090,,RGN:GR,,https://www.repligen.com/
Q43080154,0001686351,1383306D:US,morphy,https://www.eightsleep.com/
Q71017011,,,,https://golden.com/
Q98608948,,1569371D:US,,https://jfrog.com/
Q107348898,,,,https://outrightgames.com/
Q16845860,0001559689,,,https://www.brandlive.com/
Q30287564,0001445499,IMPL:US,impel-neuropharma,https://impelnp.com/
Q85865456,0001587141,,glossier,https://www.glossier.com/
Q37019245,0001691421,,lemonade,https://www.lemonade.com/
Q19604386,0001663923,,elysium-health,https://www.elysiumhealth.com/
Q30269153,,,nerre-therapeutics,https://www.nerretherapeutics.com/
Q106411832,,,medplasts,https://viantmedical.com/
Q28233552,,1577502D:CN,unsplash,https://unsplash.com/
Q30259146,0001514026,,,
Q22952981,,,serverless,https://www.serverless.com/
Q77083018,0001706431,,vir-biotechnology,https://www.vir.bio/
Q55606242,,1439927D:CH,bytedance,https://www.bytedance.com/
Q104844406,0001583708,,sentinel,https://www.sentinelone.com/
Q64167920,0001655120,,looking-glass,https://lookingglassfactory.com/
Q29096531,0001706443,,sifive,https://www.sifive.com/
Q48781517,,,hailo,https://free-now.com/
Q68279529,,,caffeine,https://www.caffeine.tv/
Q13645977,,,classdojo,https://www.classdojo.com/
Q174252,,,oag,https://www.oag.com
Q67186598,0001315098,RBLX:US,roblox,https://corp.roblox.com/
Q56276186,0001639825,,peloton-interactive,https://www.onepeloton.com/
Q29026065,0001830214,,ginkgo-bioworks,https://www.ginkgobioworks.com/
Q47508377,,1517602D:US,white-source,https://www.whitesourcesoftware.com/
Q21189383,0001651900,1312576D:US,instabase,https://instabase.com/
Q101115212,,,earplay,https://www.earplay.com/
Q16985014,0001704472,,boundless-2,https://www.boundless.com/
Q60390356,0001711658,,tidelift,https://tidelift.com/
Q48797772,0001671284,,bright-health,https://brighthealthcare.com/
Q5583067,,0863460D:US,good-worldwide-inc-good-magazine,https://goodinc.com
Q16840770,,,grammarly,https://www.grammarly.com/
Q104481181,,1616152D:US,casma-therapeutics,https://www.casmatx.com/
Q43401532,0001706815,,capella-space,https://www.capellaspace.com/
Q28669445,0000891293,,,
Q19995004,0001813756,0134620D:US,wework,https://www.wework.com/
Q25112257,,,careem,https://www.careem.com/
Q5502916,,1041078D:CN,freshbooks,https://www.freshbooks.com/
Q16967103,0001433714,CSLT:US,castlight-health,https://www.castlighthealth.com/
Q85769531,,,instana,https://www.instana.com/
Q55835167,,,payfit,https://payfit.com/
Q55080120,0001734722,PATH:US,uipath,https://www.uipath.com/
Q1471792,,9323Z:US,quark,https://www.quark.com/
Q30592225,,1490181D:LN,cloudreach,https://cloudreach.com/
Q30255441,,,canam-group,https://www.groupecanam.com/
Q30283815,0001648627,,amplyx-pharmaceuticals,https://www.pfizer.com/science/clinical-trials/expanded-access
Q100956344,0001724344,,entasis-therapeutics,https://www.entasistx.com/
Q55622683,,,meesho,https://meesho.com/
Q61918830,,1646821D:US,anduril-industries,https://www.anduril.com/
Q18150963,0001543916,,forgerock,https://www.forgerock.com/
Q19845045,0001560429,,the-zebra,https://www.thezebra.com/
Q106845206,,1396628D:US,messagebird,https://messagebird.com/en/
Q17009088,0001786654,,lumi,https://www.lumi.com/
Q106143931,0001664032,1463670D:US,betterup,https://www.betterup.com/
Q7684473,0001615157,1009567D:US,tapatalk,https://www.tapatalk.com
Q26794433,,,dexter-axle,https://www.dexko.com/
Q28133993,0001538379,,ibotta,https://home.ibotta.com/
Q59318110,0001733298,,qutoutiao,
Q7260704,,,puppet-labs,https://puppet.com/
Q61453272,,,yubico,https://www.yubico.com/
Q96372482,0001715660,1500313D:US,astranis,https://www.astranis.com/
Q63425822,0001730166,1648116D:US,chia-network,https://www.chia.net/
Q63930216,0001675225,,protocol-labs,https://filecoin.io/
Q28222782,0001434157,,zume-pizza,https://www.zume.com/
Q24901253,0001585081,,threat-stack,https://www.threatstack.com/
Q12001975,,,sonans-privatgymnas,https://sonans.no/
Q64363662,0001773751,HIMS:US,hims,https://www.forhims.com/
Q62034374,0001667362,,daily-harvest,https://www.daily-harvest.com/
Q97498226,,,behavox,https://www.behavox.com/
Q100956122,0001749425,1646043D:US,inari-8d6b,https://inari.com/
Q96621410,,,nines-855d,https://www.nines.com/
Q55631027,0001810019,,rackspace,https://www.rackspace.com/
Q30271780,0001720659,,pathai,https://www.pathai.com/
Q8069710,0001851003,1525312D:US,zeta-interactive,https://zetaglobal.com/
Q107518457,0001768622,,lightmatter-inc,https://lightmatter.co/
Q27676263,,,conet,https://www.conet.de/
Q797609,0001630805,,babcock-wilcox-enterprises,https://www.babcock.com/
Q56298005,,,donotpay,https://donotpay.com/
Q854605,,,bitdefender,https://www.bitdefender.com/
Q10521828,,HEM:SS,hemnet,https://www.hemnet.se/
Q5872652,,4008548Z:SS,hitta-se,https://www.hitta.se/
Q56192795,,,preveil,https://www.preveil.com/
Q22906936,,,browserstack,https://www.browserstack.com/
Q18395442,0001590472,,worldview,https://worldview.space/
Q17018510,,,pharmacy2u,
Q65056153,,,pony-ai,http://pony.ai/
Q67451786,0001735169,1648073D:CN,dapper-labs,https://www.dapperlabs.com/
Q55609449,,1575881D:SW,dfinity,https://dfinity.org/
Q75256038,0001656472,,,
Q101606525,0001828108,1579811D:US,aurora-6292,https://aurora.tech/
Q24807559,,,digitalguardian,https://digitalguardian.com/
Q5531757,0001637946,3388170Z:US,,https://www.generalcatalyst.com/
Q105724944,0001703356,1390079D:US,next-insurance,https://www.nextinsurance.com/
Q30284297,,9954228Z:US,biomedomics,
Q23016614,,1292708D:US,airtable,https://www.airtable.com/
Q20873932,0001855612,,,https://www.grab.com/sg/
Q6505117,,,lawyers-on-demand,
Q30284335,0001465968,165763Z:US,cardiofocus,https://www.cardiofocus.com/
Q96397546,0001609437,OPEN:US,opendoor-2,https://www.opendoor.com/
Q78083917,,,sisu-data,https://sisudata.com/
Q17011229,,,travel-counsellors,
Q27907429,,,darktrace,https://www.darktrace.com/en/
Q60768699,,,replit,https://replit.com/
Q25245388,0001300780,,starship-technologies,https://www.starship.xyz/
Q48797934,,,arrivo,https://arrivo-loop.com/
Q15991488,0001666810,,vicarious-systems-inc,https://www.vicarious.com/
Q103793759,0001666071,,cardlytics,https://www.cardlytics.com/
Q11935495,,0948095D:LH,vinted,https://www.vinted.com/
Q30282778,0001259942,BLU:CN,bellus-health,https://bellushealth.com/
Q28401676,0001634438,,nylas,https://www.nylas.com/
Q60740490,0001539122,,namely,https://www.namely.com/
Q61982942,,,kobold-metals,https://www.koboldmetals.com/
Q96413806,0001615165,,veritone,https://www.veritone.com/
Q17131133,0001776932,,medmen,http://medmen.com/
Q95158851,0001705110,,angi-homeservices,https://www.angi.com/
Q24906315,,0616765D:IN,oyo-rooms,https://www.oyorooms.com/
Q739711,,748448Z:US,epic-games-2,https://www.epicgames.com/store/en-US/
Q83958193,,,,
Q64681756,0001730886,1691459D:US,cameo-3,https://www.cameo.com/
Q30024526,,1396834D:FH,wolt,https://wolt.com/
Q20063746,,,perforce-software,https://www.perforce.com/
Q30255591,0001490109,0343535Z:US,carmot-therapeutics,
Q102229056,0001638826,1288933D:US,servicetitan,https://www.servicetitan.com/
Q39058719,0001659405,1410917D:US,gopuff,https://gopuff.com/
Q25206290,0001780246,1450489D:LN,monzo,https://monzo.com/usa/
Q54871457,0001708055,RBBN:US,ribbon-communications,https://ribboncommunications.com/
Q94126521,,1628585D:US,realtimeboard,https://miro.com/
Q919511,0001102541,,earthlink,https://www.earthlink.net/
Q17079789,0001687419,,securly,https://www.securly.com/
Q12010840,,,xxl-asa,https://www.xxl.no/
Q39087006,,1780565D:US,the-athletic,https://theathletic.com/
Q99294785,0001661662,1532558D:US,sleeper,https://sleeper.app/
Q16639197,0001653482,1429612D:US,gitlab-com,https://about.gitlab.com/
Q17083953,,GLTO:US,galecto-biotech,https://galecto.com/
Q22080567,,,sidewire,
Q5176149,0001777393,,chargepoint,https://chargepoint.com/
Q60775452,,,adahealth,https://ada.com/
Q11859863,,3285728Z:US,,
Q107061427,,1697434D:LN,rapyd,https://www.rapyd.net/
Q105539224,,0599521D:US,mailgun,https://www.mailgun.com/
Q106301980,0001770121,SANA:US,sana-biotechnology,https://sana.com/
Q25048613,0001625446,1491285D:US,piworldwide,https://www.predictiveindex.com/
Q105102719,0001531046,0263041Z:US,ezcater,https://www.ezcater.com/
Q6328512,0001539410,,kemp-technologies,https://kemptechnologies.com/
Q106640331,0001737506,1711148D:US,stord,https://www.stord.com/
Q4957208,,1255831D:US,brandwatch,https://www.brandwatch.com/
Q30646772,0001682061,,owl-labs,http://owllabs.com/
Q17143508,0001454789,CATB:US,catabasis-pharmaceuticals,https://astriatx.com/
Q104481167,,,,https://arsenalbio.com/
Q3277465,0000908937,SIRI:US,sirius,https://www.siriusxm.com/
Q67158557,,,megvii-technology,
Q23498528,0001556314,1041196D:AU,canva,https://www.canva.com/
Q28065815,,0956625D:US,workboard,https://www.workboard.com/
Q55775893,,1786Z:SW,stockx,https://stockx.com/
Q97498253,0001528762,1277050D:US,inventure,https://tala.co/
Q24908599,,1404463D:US,tally-technologies,https://www.meettally.com/
Q66441028,,,mason,https://bymason.com/
Q20160951,,94663Z:US,webflow,https://webflow.com/
Q89269703,0001781814,1432657D:US,notion-so,https://www.notion.so/
Q30668026,0001721834,1628972D:US,calm-com,https://www.calm.com/
Q47004657,0001381015,1487411D:US,against-gravity,https://recroom.com/
Q54954068,0001594266,1251524D:US,security-scorecard,https://securityscorecard.com/
Q6019234,,,indiamart,https://m.indiamart.com/
Q96377114,,,elementor,https://elementor.com/
Q25431293,,,ninebot,https://www.ninebot.com
Q64141485,0001783250,,dust-identity,https://dustidentity.com/
Q106455641,,1688158D:IN,cred-6ab0,https://cred.club/
Q63435709,0001783191,1722773D:US,substack,https://substack.com/
Q60787006,,1667265D:US,domio-inc,https://www.staydomio.com/
Q16967800,,1067779D:US,projector-psa,https://www.projectorpsa.com/
Q98221366,,1783658D:CP,deepnote,https://deepnote.com/
Q95972615,0001817404,1627708D:US,gatsby-e828,https://www.gatsbyjs.com/
Q22671933,,,pro-optik,https://www.prooptik.de/augenoptik/
Q58244340,,,alpacadb,https://alpaca.markets/
Q51724164,,,remarkable-3,https://remarkable.com/
Q30268939,0001633932,,essa-pharma,https://www.essapharma.com/
Q18378814,,,snapwire,https://snapwire.co/
Q85816189,,1525385D:US,workato,https://www.workato.com/
Q86750527,0001712600,1782318D:US,neighbor,https://www.neighbor.com/
Q10681448,,,storytel-ab,https://www.storytel.com/
Q18156830,0001847584,,walkme,https://www.walkme.com/
Q2150861,0001792660,1766029D:US,1password,https://1password.com/
Q56319818,,1813136D:US,bitwarden,https://bitwarden.com/
Q65563177,0001663633,0117436D:US,,
Q105537960,,1823027D:AU,buildkite,https://buildkite.com/
Q83948954,0001859639,1745305D:LN,cazoo,https://www.cazoo.co.uk/
Q76658524,,1769012D:CP,rossum,https://rossum.ai/
Q4686289,,0042202D:US,advanced-systems-concepts,https://www.advsyscon.com/
Q5137551,,,cososys,https://www.endpointprotector.com/
Q21233433,0001830043,BMBL:US,bumble,http://bumble.com/
Q107451661,,1786089D:LN,hopin-8ff6,https://hopin.com/
Q1956271,,1791542D:CN,vanilla-forums,https://vanillaforums.com/en/
Q61932280,,1787574D:SS,mavenoid,https://www.mavenoid.com/en/
Q15330,,1475347D:US,waymo,https://waymo.com/
Q107101545,,1866173D:US,clubhouse-voice,https://www.clubhouse.com
Q30272539,,1536099D:DC,labster,https://www.labster.com/
Q30288551,,1794591D:US,prothelia,https://prothelia.com/
Q1049707,,,,https://www.castolin.com/
Q65090792,0001573221,REAL:US,the-realreal,https://www.therealreal.com/
Q7605173,,,dribbble,https://dribbble.com/
Q106178442,,1506308D:FP,exotec-solutions,https://www.exotec.com/accueil-fr/
Q106609131,0001739466,1872691D:US,mobilecoin,https://mobilecoin.com/
Q600746,,,permasteelisa-s-p-a,
Q30265338,,,bionanomatrix,https://bionanogenomics.com/
Q5188509,0001752947,1690595D:US,crossbeam,https://www.crossbeam.com/
Q105523379,,1780561D:US,polygon-io,https://polygon.io/
Q5068878,,,devpost,https://devpost.com/
Q2912154,,,verifone,https://www.verifone.com/en/us
Q96756335,,,bygghemma-group-first,https://www.wearebhg.com/
Q17379906,0001782999,,puretech-ventures,
Q99790052,0001573348,,datarobot,https://www.datarobot.com/
Q93358736,,1458226D:ID,arex,https://arex.io/
Q3433657,,2150252Z:US,episerver,https://www.optimizely.com/
Q25395267,,1188122D:FP,lydia,https://lydia-app.com/
Q7276284,0001838125,R9C:GR,rea-group,https://www.rea-group.com/
Q20715093,,TDOC:US,teladoc-f156,https://www.teladoc.com/
Q64142088,0001662579,CCCC:US,,https://c4therapeutics.com/
Q104480437,0001811858,1836484D:US,scorpion-therapeutics,https://www.scorpiontx.com/
Q101609467,0001769656,1828691D:US,the-not-company,https://notco.com/
Q54263821,0001673976,1556837D:US,relativity-space,https://www.relativityspace.com/
Q56408456,,1889772D:NO,cognite,https://www.cognite.com/en/
Q65172862,,,aisense-inc,https://otter.ai/
Q85872996,,1403270D:CH,keep-3,
Q17192526,0001438115,4563:JP,,
Q22907179,0001499932,0273918D:US,chartbeat,https://chartbeat.com/
Q3433657,,2150252Z:US,,https://www.optimizely.com/
Q25303179,,1031542D:US,shippo,https://goshippo.com/
Q54952592,,LKSD:US,lsc-communications,https://www.lsccom.com/
Q39053197,,0895330D:US,fall-alert,https://www.medicalguardian.com/
Q30297855,0001746727,9982516Z:US,coldquanta,https://coldquanta.com/
Q832450,,4159589Z:LN,sportfive-active-sports-marketing,https://sportfive.com/
Q37894351,,1510494D:IT,sweet-inn,https://www.sweetinn.com/
Q22077752,0001737560,1009239D:US,harbor-platform,https://harbor.com/
Q98097285,,1815431D:FP,sorare,https://sorare.com/
Q65256461,0001745319,,veriff,https://www.veriff.com/
Q5089544,0001364954,CHGG:US,chegg,https://www.chegg.com/
Q24050001,0001684805,1573139D:BZ,rocket-chat,https://rocket.chat/
Q29960503,,1537272D:RU,indriver,https://indriver.com/
Q106303184,0001828164,,dispo,https://dispo.fun/
Q106492838,,,bitclout,https://bitclout.com/
Q47487465,,1374552D:IT,simplex-3,https://www.simplex.com/
Q933850,0001462887,1886:HK,huiyuan,
Q30268910,0001817944,,clarus-therapeutics,https://clarustherapeutics.com/
Q7455899,0001472761,0743392D:US,servio,http://serv.io/
Q23786068,0001466301,CLVS:US,clovis-oncology,https://clovisoncology.com/
Q5156742,0001184404,,composite-software-inc,https://www.tibco.com
Q30260386,0001434418,CNST:US,constellation-pharmaceuticals,http://www.constellationpharma.com/
Q16241261,0001371636,0346007Z:US,conviva,https://www.conviva.com/
Q835702,,,corel,https://www.corel.com/en/
Q23074194,0001554167,0129892D:US,correct-care-solutions,
Q5173232,0001107730,,cortera,https://pulse.moodysanalytics.com/
Q5175946,0001845022,9890635Z:US,couchbase,https://www.couchbase.com/
Q5177980,0001385867,,coupa,https://www.coupa.com/
Q96375655,0001721323,,credit-sesame,https://www.creditsesame.com/
Q50038324,0001235912,,cvrx,https://www.cvrx.com/
Q5198104,0001130166,,cyclacel-pharmaceuticals,https://cyclacel.com/
Q43896252,0001598646,,minerva-neuroscience,https://www.minervaneurosciences.com/
Q13512397,0001515380,8218820Z:US,dailybooth,
Q6508792,,,leadspace,https://www.leadspace.com/
Q44076893,,,datacore-software,https://www.datacore.com/
Q5227131,0001522191,0211417Z:US,datastax,https://www.datastax.com/
Q18149240,0001460190,ROKU:US,dataxu,https://advertising.roku.com/
Q104480191,0001464449,1677324D:US,dc-devices,https://corviamedical.com/
Q16991660,0001439696,0533722D:US,delphix,https://www.delphix.com/
Q30268905,0001399529,DRNA:US,dicerna-pharmaceuticals,https://dicerna.com/
Q5282626,0001410883,8971046Z:US,displaylink,https://www.synaptics.com/products/displaylink-graphics
Q5130857,0001178376,,divitas-networks,https://www.clearfly.net/
Q5307876,0001670669,,lytx-inc,https://www.lytx.com/en-us/
Q5203294,0001547061,,d-wave-systems,https://www.dwavesys.com/
Q30285936,0001119085,,earth-networks,https://www.earthnetworks.com/
Q104480384,0001347123,4614938Z:US,ebr-systems,https://ebrsystemsinc.com/
Q5347754,0001293139,,egenera-inc,https://www.egenera.com/
Q5348136,0001469158,8153569Z:US,egnyte,https://www.egnyte.com/
Q5357340,0001175319,,electric-cloud,https://www.cloudbees.com/
Q104480415,0001356688,,endogastric-solutions,https://www.endogastricsolutions.com/
Q3054112,0001528521,,enerkem,https://enerkem.com/
Q5377734,0001423631,,engineyard,https://www.engineyard.com
Q5395458,,,erply,https://erply.com/
Q30271862,0001633070,AXLA:US,axcella,https://axcellatx.com/
Q5417351,0001438423,MRAM:US,everspin-technologies,https://www.everspin.com/
Q21178592,0001476840,,,https://www.expensify.com/
Q380,0001326801,,facebook,https://www.facebook.com/
Q5428815,,,factual,https://www.factual.com/
Q30287119,0001434316,FATE:US,fate-therapeutics,https://fatetherapeutics.com/
Q5459008,0001419600,,flexion-therapeutics,https://flexiontherapeutics.com/
Q30287307,0001423344,0267130Z:US,follica,http://www.follicabio.com/
Q30259072,,0563673D:US,foro-energy,
Q2749364,0001262039,,fortinet,https://www.fortinet.com/
Q51709,0001470908,3590053Z:US,foursquare,https://foursquare.com/
Q2743872,,8285497Z:US,open-english,https://www.openenglish.com/
Q3090878,0001272059,,funambol,https://funambol.com/
Q5509024,,FCH:LN,funding-circle,https://www.fundingcircle.com/us/
Q19903400,0001483315,0572982D:US,lendkey-technologies-inc,https://www.lendkey.com/
Q5517210,0001444363,,gain-capital,https://gaincapital.com/
Q18148537,0001385374,GLSS:US,gelesis,https://www.gelesis.com/
Q6968762,0001604821,NTRA:US,natera,https://www.natera.com/
Q30268095,0001457612,GNCA:US,genocea-biosciences,
Q18357093,0001143301,GENO:US,genomatica,https://www.genomatica.com/
Q5554388,,0109271Z:US,getaround,https://www.getaround.com/
Q104480673,0001245791,,gi-dynamics,https://gidynamics.com/
Q15954148,0001420715,,glassdoor,https://www.glassdoor.com/index.htm
Q56102498,0001672598,,,https://www.netlify.com/
Q16840626,0001438062,34102Z:US,good-data,https://www.gooddata.com/
Q5582969,,,good-technology,http://good.com/
Q1538591,,0126507D:US,goss-international,
Q16982611,,,greatpoint-energy,http://greatpointenergy.com/
Q5615528,0001528396,,guidewire-software,https://www.guidewire.com/
Q104480611,0001341675,0345775Z:US,gynesonics,https://gynesonics.com/us/
Q16995049,0001489598,0077940D:US,healthtap,https://www.healthtap.com/
Q30295214,,3499600Z:LN,heptares-therapeutics,https://soseiheptares.com/
Q30298073,0001346889,,hexatech,https://www.hexatechinc.com/
Q18349753,,0572958D:IT,hola,http://hola.org/
Q5887924,0001366684,,homeaway,https://www.vrbo.com/?vgdc=HAUS&preferlocale=true
Q5909598,0001662164,788976Z:US,hotchalk,
Q5949332,0001560625,0573316D:IN,husk-power-systems,https://huskpowersystems.com/
Q16996214,,,hytrust,https://www.entrust.com/digital-security/cloud-security-encryption-key-management
Q24260768,0001473911,8765407Z:US,illumitex,https://www.illumitex.com/
Q6007092,0001364962,,imperva,https://www.imperva.com/
Q4041316,0001114995,,impinj,https://www.impinj.com/
Q2361202,0001347428,,imvu,https://secure.imvu.com/
Q3809397,,1805Z:SW,,https://www.indexventures.com/
Q6020258,,,indian-energy-exchange,https://www.iexindia.com/
Q6032277,0001121620,,ingenuity-systems,https://digitalinsights.qiagen.com/
Q50038595,0001609550,,inspire-medical-systems,https://www.inspiresleep.com/
Q6042545,0001086688,,intarcia-therapeutics,https://www.intarcia.com/
Q16986507,0001423664,,intelepeer,https://intelepeer.com/
Q64141834,0001171418,,intematix,http://intematix.com/
Q104481070,0001213628,,intrinsic-therapeutics,https://www.barricaid.com/
Q5973348,0001492714,,iqor,
Q104480815,0001521993,9216213Z:US,ivantis,https://www.ivantisinc.com/
Q6315697,0001656168,,just-eat-com,https://www.just-eat.co.uk/
Q15646906,,,kabam,https://kabam.com/
Q30287853,0001479419,,kala-pharmaceuticals,https://www.kalarx.com/
Q2573511,0001432133,,kaltura,https://corp.kaltura.com/
Q16852354,0001327870,0267418Z:US,kareo,https://www.kareo.com/
Q6423296,0001417373,1458603D:US,kgb,https://www.kgb.com/
Q97486385,0001574601,0765617D:CN,kik-interactive,https://www.kik.com/
Q16858667,0001069258,,kratos-defense-and-security-solutions,https://www.kratosdefense.com/
Q106411724,0001549595,NRIX:US,nurix,https://www.nurixtx.com/
Q6517346,0001286139,,,https://www.legalzoom.com/
Q6522340,0001409970,,lendingclub,https://www.lendingclub.com/
Q21192330,,8267:HK,linekong,
Q1577907,,,lionbridge,https://www.lionbridge.com/
Q30265408,0001330436,LQDA:US,liquidia-technologies,https://liquidia.com/
Q6646522,,0852832D:US,listia,https://www.listia.com/
Q1869704,0001855544,8145554Z:US,lookout,https://lookout.com/
Q6675775,0001353209,,loopnet,https://www.loopnet.com/
Q60674846,,,lotame,https://www.lotame.com/
Q17077886,,,luxtera,https://www.cisco.com/c/en/us/products/interfaces-modules/transceiver-modules/index.html
Q30269117,0001382268,,lycera,https://lycera.com/
Q4043544,0001450576,,machinima,https://www.machinima.com
Q41522717,0001314223,,amber-road,https://www.e2open.com/
Q6753728,0001468803,,mapr-technologies,https://www.hpe.com/us/en/software/ezmeral-data-fabric.html
Q4004687,,,unieuro,https://www.unieuro.it/online/
Q17145839,0001102832,,marketocracy,
Q54437388,0001361470,,,
Q6794502,0001288469,,maxlinear,https://www.maxlinear.com/
Q30259112,0001478309,9283002Z:US,mc10,https://mc10inc.com/
Q50037884,0001572616,0346006D:US,fractyl-laboratories,https://www.fractyl.com/
Q1625371,0001213246,,meetup,https://www.meetup.com/
Q3249419,0001563345,0179684D:LN,memrise,https://www.memrise.com/
Q104481119,0001442836,,mersana-therapeutics,https://www.mersana.com/
Q6820755,0001167294,,meru-networks,
Q6839659,,,micromax-informatics,
Q16927706,,0231413Z:US,jam-city,https://www.jamcity.com/
Q56290376,,9879488Z:US,miq-logistics,https://www.miq.com/
Q6886702,0001380124,,mobitv,https://mobitv.com/
Q6888259,0001118417,,model-n,
Q17081612,0001682852,MRNA:US,moderna-therapeutics,https://www.modernatx.com/
Q25111777,0001745114,,molecular-partners,https://www.molecularpartners.com/
Q43895024,0001433163,9437406Z:US,moximed,https://www.moximed.com/
Q6933868,0001374684,,mulesoft,https://www.mulesoft.com/
Q6941634,0001361630,0557079D:US,music-reports,https://www.musicreports.com/
Q589757,0001563538,,myheritage,https://www.myheritage.com/
Q6963969,0001401708,,nanostring-technologies,https://www.nanostring.com/
Q3870175,0001160719,,nanosys,https://nanosys.com/
Q3870183,,,nantero,http://nantero.com/
Q17183195,0001489390,,narrative-science,https://narrativescience.com/
Q28228247,0001507987,0108882D:US,nasuni,https://www.nasuni.com/
Q7002474,0001227636,STIM:US,neuronetics,https://neurostar.com/
Q63969967,0001528287,,neuropace,https://neuropace.com/
Q30288269,,8269863Z:US,neurovigil,https://neurovigil.com/
Q4811938,,642868Z:US,asurion,https://www.asurion.com/
Q7011152,0001448056,,new-relic,https://newrelic.com/
Q30288370,0001426332,NGM:US,ngm-biopharmaceuticals,https://www.ngmbio.com/
Q50038032,0001473959,,ninepoint-medical,https://ninepointmedical.com/
Q6954695,0001124796,,nlight,https://www.nlight.net/
Q10603873,0001417752,0344519Z:US,novomer,https://novomer.com/
Q30284015,0000890465,,nps-pharmaceuticals,https://www.takeda.com
Q16959629,0001618732,,nutanix,https://www.nutanix.com/
Q30284118,,,omeros,https://www.omeros.com
Q18635282,0001302573,,oncomed-pharmaceuticals,https://www.mereobiopharma.com/
Q97486409,,ONE97:IN,one97-communications,https://paytm.com/en
Q7092382,,,onelogin,https://www.onelogin.com/
Q7095328,0001327688,,ooma,https://www.ooma.com/
Q7096496,,,openet,https://www.openet.com/
Q7095918,0001520718,8383250Z:US,openx,https://www.openx.com/
Q30296419,0001293818,,opgen,https://www.opgen.com/
Q7098706,0001545207,0213707D:US,chef,https://www.chef.io/
Q104481318,0000946340,,optiscan-biomedical,http://optiscancorp.com/cgi-sys/suspendedpage.cgi
Q15711096,0001503887,1629682D:US,orbotix,https://sphero.com/
Q43896292,0001493566,,otonomy,https://www.otonomy.com/
Q17051632,0001454938,8153292Z:US,outbrain,https://www.outbrain.com/
Q43896293,,,oxagen,http://oxagen.co.uk/
Q48989804,0001568100,,pagerduty,https://www.pagerduty.com/
Q30291406,0001402296,0051489D:US,,
Q7156870,0001845815,8228749Z:US,payoneer,https://www.payoneer.com/
Q17505016,,8269956Z:US,peel,http://peel.com/
Q30291158,,1088347D:CN,peraso-technologies,https://perasotech.com/
Q60751447,,8369193Z:US,personetics-technologies,https://personetics.com/
Q7188106,0001412408,,phreesia,https://www.phreesia.com/
Q18158488,,,picaboo,https://www.picaboo.com/
Q95981574,0001644396,,vionx-energy,
Q30269215,0001510487,,principia-biopharma,https://www.sanofi.com/
Q7251543,0001359931,,proteon-therapeutics,
Q104481443,0001445283,,proteostasis-therapeutics,https://www.yumanity.com/
Q7120927,0001314102,,,
Q30269247,0001450751,0342911Z:US,,
Q30288609,0001295524,PULM:US,pulmatrix,https://www.pulmatrix.com/
Q4047758,0001393806,0096172D:US,quantcast,https://www.quantcast.com/
Q30265448,0001503274,,quanterix,https://www.quanterix.com/
Q22078041,0001470686,0852928D:US,quantifind,https://www.quantifind.com/
Q99036143,0001811414,QS:US,quantumscape,https://www.quantumscape.com/
Q2898555,,,radwin,https://www.radwin.com/
Q432147,0001255336,1466426D:US,red-herring,https://www.redherring.com/
Q7303543,0001381794,,redbrick-health,
Q7305846,0001382821,,redfin,https://www.redfin.com/
Q22908207,,,redline-communications,https://rdlcom.com/
Q7306564,0001752108,RBZ:US,reebonz,https://reebonz.com/
Q30259861,,0300415D:NO,,
Q7313510,0001468327,,rent-the-runway,https://www.renttherunway.com/
Q7331089,0001439065,0102728D:US,richrelevance,
Q7354187,0001439538,,rockyou,
Q7277604,0001334625,,rpath,
Q106644915,,0059260Z:US,unirush-financial-services,https://www.rushcard.com/
Q4376955,0001597033,,sabre-holdings,https://www.sabre.com/
Q941127,0001108524,,salesforce,https://www.salesforce.com/
Q28457337,0001284053,1376060D:US,salient-partners,
Q1467888,0001375506,,scribd,https://www.scribd.com/
Q30291894,,2337306Z:SM,scytl,https://www.scytl.com/
Q30288672,0001453687,SELB:US,selecta-biosciences,https://selectabio.com/
Q16961710,0001477425,,sendgrid,https://sendgrid.com/
Q7450241,0001058499,,sendmail,https://www.proofpoint.com/us
Q30261278,0001616543,,senseonics,https://www.senseonics.com/
Q7389749,,0354197D:US,moz,https://moz.com/
Q30271884,0001451718,8285465Z:US,seventh-sense-biosystems,https://yourbiohealth.com
Q2748407,0001784851,0569424D:US,shapeways,https://www.shapeways.com/
Q4049371,0001430050,526408Z:US,sharethis,https://sharethis.com/
Q106411746,,,shilpa-medicare,https://vbshilpa.com/
Q106472237,,SHINEON:CH,shineon,
Q106411740,0001459839,SIBN:US,si-bone,
Q50039757,0001551693,SIEN:US,sientra,https://sientra.com/
Q55593544,0001125340,,signiant,https://www.signiant.com/
Q16949688,0001494656,,silego,http://silego.com/
Q106411894,,0357437Z:LN,silixa,https://silixa.com/
Q3485048,0001084201,SVA:US,sinovac-biotech,
Q64142580,0001366388,0345551Z:US,sionyx,https://www.sionyx.com/
Q17194268,0001781926,,sisense,https://www.sisense.com/
Q55360040,0001451809,,sitime,https://www.sitime.com/
Q34045622,0001517413,,fastly,https://www.fastly.com/
Q16950076,0001374347,,skytap,https://www.skytap.com/
Q7538404,0001400813,,slacker,https://www.livexlive.com/?utm_campaign=slacker-redirect&
Q7547240,0001475970,0346607Z:US,snaplogic,https://www.snaplogic.com/
Q7556910,,,solarcentury,https://www.solarcentury.com/
Q187212,0001419612,,,
Q3271267,,,solyndra,https://www.solyndra.com/
Q3492619,0001314727,SONO:US,sonos,https://www.sonos.com/en-us/home
Q568769,,0115249D:GR,soundcloud,https://soundcloud.com/
Q7564622,,0276697D:US,soundhound,https://www.soundhound.com/
Q193701,0001181412,711339Z:US,space-exploration-technologies,https://www.spacex.com/
Q766315,0001343940,,spaceclaim,https://www.ansys.com/products/3d-design/ansys-spaceclaim
Q7572734,,,spacetime-studios,https://www.spacetimestudios.com
Q15458063,,,spartoo,https://www.spartoo.com/
Q7576947,0001363945,8261652Z:US,spiceworks,https://www.spiceworks.com/
Q106411757,0001269997,,spine-wave,https://spinewave.com/
Q106411757,0001269997,,spine-wave,https://spinewave.com/
Q7578405,,2310003Z:US,splashtop,https://www.splashtop.com/
Q1835753,0001353283,,,
Q7580827,0001423866,,springcm,https://www.springcm.com/
Q7582097,0001496963,0569579D:US,squarespace,https://www.squarespace.com/
Q3495447,0001491819,8168851Z:US,stack-exchange,https://stackexchange.com/
Q7856115,0001538459,9877182Z:US,,https://turntable.fm/
Q13512469,0001465505,,stocktwits,https://stocktwits.com/
Q1544974,0001298253,,sugarcrm,https://www.sugarcrm.com/
Q24818973,0001462331,3679752Z:US,supplyframe,https://supplyframe.com/
Q17143062,0001382101,STRO:US,sutro-biopharma,https://www.sutrobio.com/
Q4050516,0001341812,1024783Z:US,synthetic-genomics,https://www.viridos.com
Q30283910,0001410030,7575548Z:CN,tantalus-systems,https://www.tantalus.com/
Q7684697,0001456760,,tapjoy,https://www.tapjoy.com/
Q389701,0001270628,,technorati,https://technorati.com/
Q30292171,,,teem-photonics,
Q64142776,0001364173,,tela-innovations,http://tela-inc.com/
Q20715093,0001362953,TDOC:US,teladoc,https://teladochealth.com/
Q4050859,,,terrapower,https://www.terrapower.com/
Q30269332,0001373707,,tetraphase-pharmaceuticals,https://www.tphase.com/
Q7741165,0001829801,THG:LN,the-hut-group,https://www.thg.com
Q43896289,0001310967,,theraclone-sciences,https://theraclone-sciences.com/
Q16956307,,,theranos,
Q7733371,0001493022,0345998D:US,fancy,https://fancy.com/
Q105751519,0001484778,8289691Z:US,thredup,https://www.thredup.com/
Q24902117,0001473620,,videologygroup,https://videologygroup.com/
Q5206764,,0350136D:HK,dxy,https://portal.dxy.cn/
Q7808437,,,tinopolis,https://www.tinopolis.com/
Q7808537,0001554875,TNTRQ:US,tintri,https://tintri.com/
Q18157247,,,tradingscreen,
Q5324516,0001493318,1263454D:IT,etoro,https://www.etoro.com/
Q7832795,0001349942,,trailer-park,https://trailerpark.com/
Q7833612,0001260221,,transdigm,https://www.transdigm.com/
Q7834584,0001092287,,transmedics,https://www.transmedics.com/
Q7838954,0001429560,TRVN:US,trevena,https://www.trevena.com/
Q7846652,0001140146,,troux-technologies,https://www.planview.com/products-solutions/solutions/technology-application-portfolio-management/
Q8648724,0001597095,TOUR:US,tuniu-com,
Q1390577,0001418091,TWTR:US,twitter,https://twitter.com/
Q7899844,0001490444,0374965Z:US,urban-airship,https://www.airship.com/
Q97486413,,VANCLZ:CH,vancl,https://shop92626071.m.youzan.com/v2/showcase/homepage?alias=weCb8yP1B7
Q30289280,,2743763Z:LN,vantia-therapeutics,http://vantia.com/
Q30292474,0000704159,,vbi-vaccines,https://www.vbivaccines.com/
Q30269392,0001603207,,,
Q7920857,0001358559,,veracode,https://www.veracode.com/
Q7921966,,,verne-global,https://verneglobal.com/
Q16960210,,,veveo,
Q30288263,0001581903,,viacyte,https://viacyte.com/
Q7924463,,,viagogo,https://www.viagogo.com/
Q23777957,,8231001Z:BZ,viajanet,https://www.viajanet.com.br/
Q16960242,,0114553D:US,viamedia,https://viamediatv.com/
Q77581453,0001336705,,viewray,https://viewray.com/
Q7935564,0001170878,,visage-mobile,https://www.brightfin.com/
Q30269387,0001426375,,visterra,
Q18357721,0001794339,,turbonomic,https://www.turbonomic.com/
Q866972,0001272830,,vonage,https://www.vonage.com/
Q106411857,0001409649,0302910Z:US,vytronus,http://vytronus.com/
Q7978996,,,webtrends,https://www.webtrends.com/
Q7977212,0001476869,,wepay,https://go.wepay.com/
Q30259210,0001382044,9864023Z:US,wildcat-discovery-technologies,http://www.wildcatdiscovery.com/
Q8031715,,0345278D:US,wonderhowto,https://www.wonderhowto.com/
Q974657,,,wooga,https://www.wooga.com/
Q8034666,0001327811,,workday,https://www.workday.com/
Q48976591,0001286292,,worksoft,http://worksoft.com/
Q30253570,0001582313,,xenon-pharmaceuticals,https://www.xenon-pharma.com/
Q8044926,,,xoom,https://www.xoom.com/
Q22059610,0001581816,0345295D:US,yottaa,https://www.yottaa.com/
Q8057785,0001419772,,youmail,https://www.youmail.com/
Q8069662,0001664715,,zerto,https://www.zerto.com/
Q8070896,0001101680,,zhone-technologies,
Q203485,0001444190,,zimbra,https://www.zimbra.com/
Q8075320,0001423774,ZUO:US,zuora,
Q245772,0001439404,,zynga,https://www.zynga.com/
Q16800556,,0365947D:AU,99designs,https://99designs.com/
Q56585141,0001464814,,auris-surgical-robotics,https://www.aurishealth.com/
Q96377962,,0172540D:IN,firstcry-com,https://www.firstcry.com/
Q5008097,,0863935D:US,c2-education,https://www.c2educate.com/
Q16829203,0000771856,,champions-oncology,https://www.championsoncology.com/
Q3540193,0001616707,,wayfair,https://www.wayfair.com/v/captcha/show?goto=https%3A%2F%2Fwww.wayfair.com%3F&px=1&captcha_status=0
Q20714597,0001819035,INAQU:US,metromile,https://www.metromile.com/
Q3106643,0001421081,,gilt-groupe,https://www.gilt.com/boutique/
Q1554988,,,,https://www.gruener-punkt.de/de/
Q16995922,0001520184,,hoteltonight,https://www.hoteltonight.com/
Q3019900,0001355754,,,https://www.instructure.com/
Q25025033,,,jobvite,https://www.jobvite.com
Q30889425,,0993879D:GR,kupivip,https://www.kupivip.ru/
Q2984629,,,lytro,https://raytrix.de/
Q6869591,0001648232,,minted,https://www.minted.com/
Q17114220,0001595301,,neverware,https://www.neverware.com/
Q6509916,,,leap-motion,https://www.ultraleap.com/
Q97498233,0001580560,FLYW:US,flywireco,https://www.flywire.com/
Q2193947,0001416265,1043980Z:US,prosper,https://www.prosper.com/
Q7261135,0001474432,,pure-storage,https://www.purestorage.com/
Q7317797,0001698191,8371682Z:US,revel-systems,http://revelsystems.com/
Q20011503,0001619601,,entelo,https://www.entelo.com/
Q5872693,0001511277,0570274D:US,connexity,https://connexity.com/
Q4762034,,8161390Z:US,angellist,http://angel.co/
Q7624104,0001691342,0170016D:US,stripe,https://stripe.com/
Q7692685,,3592197Z:US,techstars,https://www.techstars.com
Q30269353,,0077872D:LN,topivert,http://topivert.com/
Q22077752,,,bitgo,https://www.bitgo.com/
Q8053007,0001516518,0236309Z:US,yesware,https://www.yesware.com/
Q5550386,0000041133,,gerber-scientific,https://www.gerbertechnology.com/
Q63327,0001559720,ABNB:US,airbnb,https://www.airbnb.com/
Q20313312,0001626450,BIGC:US,bigcommerce,https://www.bigcommerce.com/
Q16248637,0001561550,DDOG:US,datadog,https://www.datadoghq.com/
Q18636409,0001569345,,sprinklr,https://www.sprinklr.com/
Q30268746,,38429Z:LN,autifony-therapeutics,
Q30271632,0001528846,,arsenal-medical-inc,https://arsenalmedical.com/
Q6008783,,9877633Z:SP,,
Q43895874,0001527621,3670086Z:US,occipital,https://occipital.com/
Q17142127,0001024126,,pernix-therapeutics-inc,http://pernixtx.com/
Q6315705,0001531017,1765194D:US,justfabulous,https://www.techstylefashiongroup.com/
Q6899030,,,monetate,https://kibocommerce.com/personalization-software/?utm_campaign=monetate_redirect
Q17157194,0001510984,15053Z:US,skillshare,https://www.skillshare.com/
Q16827155,0001526855,6972889Z:US,cloudbees,https://www.cloudbees.com/
Q30260685,0001527753,PSNL:US,personalis,https://www.personalis.com/
Q18534725,0001530979,0213592D:US,the-honest-company,https://www.honest.com/
Q23461763,,MANB:IN,manpasand-beverages,
Q7581990,0001512673,SQ:US,square,https://squareup.com/us/en
Q6343985,0001472662,8172566Z:US,kabbage,https://www.kabbage.com/
Q15898172,0001835724,ZH:US,zhihu,https://www.zhihu.com/signin?next=%2F
Q18712957,0001740915,FTCH:US,farfetch,https://www.farfetch.com/
Q5121261,,54002Z:US,ciphercloud,https://security.lookout.com/
Q4686934,0001788707,ADYEN:NA,adyen,https://www.adyen.com/
Q15589464,0001467623,,dropbox,https://www.dropbox.com/
Q12988581,0001439606,,livingsocial,https://www.livingsocial.com/
Q70869071,,,spil-games,https://spilgames.com/
Q2979728,0001535379,,cloudera,https://www.cloudera.com/
Q21410969,0001579543,0708634D:US,nok-nok-labs,https://noknok.com/
Q17108585,0001536281,0213964D:US,bloomfire,https://bloomfire.com/
Q84564030,0001738177,,cambium-networks,https://www.cambiumnetworks.com/
Q2749075,0001480387,0131154Z:CN,hootsuite,https://www.hootsuite.com/
Q6766381,0001295660,348657Z:US,marklogic-corporation,https://www.marklogic.com/
Q18358598,0001484639,0354724D:US,signpost,https://www.signpost.com/
Q30269426,,0163626D:US,advanced-dermatology-cosmetic-surgery,https://www.advancedderm.com/
Q386957,0001541121,,prezi,https://prezi.com/
Q5165534,0001657886,,cask,https://cdap.io/
Q30282721,,,upsight,http://www.upsight.com/
Q255381,0001506293,PINS:US,pinterest,https://www.pinterest.com/
Q30268799,0001328143,ADMS:US,adamas-pharmaceuticals,https://www.adamaspharma.com/
Q17050559,0001837430,0749904D:IT,ironsource,https://www.is.com/?referrer=ironsrc.com
Q780442,0001543151,UBER:US,uber,https://www.uber.com/
Q766546,,,udacity,https://www.udacity.com/
Q7975268,0001560740,,wave-financial,https://www.waveapps.com/
Q97498243,0001522540,0611043D:IT,marqeta,https://www.marqeta.com/
Q15070371,,,jackbox-games,https://www.jackboxgames.com/
Q17085620,0001836833,0862083D:US,planet-labs,https://www.planet.com/
Q28170044,,0200330D:IN,billdesk,https://www.billdesk.com/web/
Q4305253,,0571898D:US,tunein-inc,https://tunein.com/
Q12314937,,8969382Z:SM,haarslev-industries,https://haarslev.com/
Q7021239,0001597925,,nextdoor,https://nextdoor.com/
Q16988840,0001555455,0605053D:US,crossbar,https://www.crossbar-inc.com/
Q17137639,0001547969,,nationbuilder,https://nationbuilder.com/
Q1156357,,0056414D:GR,dawanda,https://www.etsy.com
Q229680,,,zumba-fitness,https://www.zumba.com/en-US
Q47130436,0001793444,0622814D:US,homelight,https://www.homelight.com/
Q7302875,0001722280,,recorded-future,https://www.recordedfuture.com/
Q18385610,0001576942,,stitch-fix,https://www.stitchfix.com/
Q6746938,,,manappuram-finance-ltd,https://www.manappuram.com/
Q16627838,0001538827,8392043Z:US,code-42-software,https://www.code42.com/
Q1381966,,,flipkart,https://www.flipkart.com/
Q17136317,,,trifacta,https://www.trifacta.com/
Q11221981,0001532978,,gumroad,https://gumroad.com/
Q25048114,,,mixpanel,https://mixpanel.com/
Q106760435,0001640455,JNCE:US,jounce-therapeutics,https://jouncetx.com/
Q65071572,,,vayyar,https://vayyar.com/
Q17081568,0001366558,,mocana,
Q18351049,0001585867,,deliv,http://deliv.co/
Q5152058,0001169561,1253185D:US,hedvig,https://www.commvault.com/
Q104833980,,1531832D:US,arctic-wolf-networks,https://arcticwolf.com/
Q27150169,,0948444D:US,thoughtspot,https://www.thoughtspot.com/
Q27022329,0001564408,SNAP:US,snapchat,https://snap.com/en-US
Q59535686,,598175Z:LN,karus-therapeutics,https://karustherapeutics.com/
Q24900594,,0883317D:LN,depop,https://www.depop.com/
Q15823971,,1202511Z:LN,kobalt-music-group,https://www.kobaltmusic.com/
Q18150640,0001547955,8167146Z:US,fanatics,https://www.fanaticsinc.com/
Q104481408,0001838881,ALPIX:FP,pixium-vision,https://www.pixium-vision.com/
Q106411748,0001407973,,sonendo,https://sonendo.com/
Q36016326,0001558379,,chownow,https://get.chownow.com/
Q19768232,,,samanage,https://www.solarwinds.com/service-desk
Q7237353,,,practice-fusion,https://practicefusion.com/
Q18636415,,,tealium,https://tealium.com/
Q6024522,,0086583Z:US,indie-gogo,https://www.indiegogo.com/
Q104480107,,270035Z:US,breg-2,https://www.breg.com/
Q7268803,0001747748,,qualtrics,https://www.qualtrics.com/
Q2154085,,0365991Z:US,codecademy,https://www.codecademy.com/
Q30271892,,0852994D:CH,,
Q16159478,0001687221,,rev-group,https://www.revgroup.com/
Q5003490,0001828972,0264613Z:US,buzzfeed,https://www.buzzfeed.com/
Q18207628,0001597815,0617317D:US,handybook,https://www.handy.com/
Q7204886,0001474992,0084062D:US,plex-systems,https://www.plex.com/
Q55948312,0001660280,,tenable-network-security,https://www.tenable.com/
Q7968882,0001504776,0883074D:US,warby-parker,
Q28228440,0001523064,0094337Z:US,fullcontact,https://www.fullcontact.com/
Q64987516,0001745430,1667777D:US,,https://www.snappy.com/
Q30290653,0001604797,0565778D:US,modular-robotics,
Q85727745,0001600641,0518442D:US,1stdibs,https://www.1stdibs.com/
Q18348837,,1561319D:US,contentful,https://www.contentful.com/
Q17020720,0001532099,0604939D:US,social-finance-inc,https://socialfinance.org/
Q5270627,0001827373,,dialpad,https://www.dialpad.com
Q8074786,0001713683,,zscaler,https://www.zscaler.com
Q20707043,,,cooladata,https://www.cooladata.com/
Q18712167,0001565330,0622900D:US,coachup,https://www.coachup.com/
Q19881868,0001609292,,spothero,https://spothero.com/
Q17067960,,,lynda-com,https://www.linkedin.com/learning/?trk=lynda_redirect_learning
Q7638010,0001643269,SUMO:US,sumo-logic,https://www.sumologic.com/
Q65049338,0001546162,,qumulo,https://qumulo.com/
Q3419343,0001559716,,,https://genius.com/
Q16987719,0001460316,,itson,http://itsoninc.com/
Q16968488,0001478484,,zulily,https://www.zulily.com/
Q5970871,,,if-this-then-that,https://ifttt.com/
Q1142400,,0516931D:US,meltwater,https://www.meltwater.com/en
Q85801641,0001550430,0580757D:US,smartasset,https://smartasset.com/
Q17108555,0001564970,0387845D:US,bettercloud,https://www.bettercloud.com/
Q20113463,,0616848D:LN,secret-escapes,https://www.secretescapes.com/
Q13512460,,,socialbakers,https://www.socialbakers.com/
Q7848226,,0053484D:DC,trustpilot,https://www.trustpilot.com/
Q16839994,,0676382D:US,getyourguide,https://www.getyourguide.com/
Q16243754,0001478699,8270592Z:US,betabrand,https://www.betabrand.com/
Q107418797,0001565113,0943978D:US,jumpcloud,https://jumpcloud.com/
Q6423237,,0628336D:CN,the-knowland-group,https://www.knowland.com/
Q30268897,0001610618,CDTX:US,cidara-therapeutics,https://www.cidara.com/
Q20539296,0001585468,,creativemarket,https://creativemarket.com/
Q19757566,0001725579,PS:US,pluralsight,https://www.pluralsight.com/
Q7821002,0001473229,,tongal,https://tongal.com
Q7877165,0001607939,0288020Z:US,udemy,https://www.udemy.com/
Q3415301,0001470093,,janrain,
Q16985286,0001866757,1542381D:US,brilliant-earth,https://www.brilliantearth.com/
Q22077806,0001625264,0604952D:US,yourmechanic,https://www.yourmechanic.com/
Q18154925,0001559980,,pica8,https://www.pica8.com/
Q48965608,0001566967,,keyme,https://key.me/
Q18636510,0001517698,,coravin,https://www.coravin.com/
Q85866624,0001570627,,omio,https://www.omio.com/
Q106411861,0001556814,,xenex-disinfection-services,https://xenex.com/
Q16927863,,0125249D:US,timehop,https://www.timehop.com/
Q24204297,0001568651,OSCR:US,oscar,https://www.hioscar.com/
Q104841020,0001344747,3327820Z:US,clarabridge,https://www.clarabridge.com/
Q19881127,0001567658,0852817D:US,illumio,https://www.illumio.com/
Q16927887,0001573427,0861925D:US,,
Q21177770,0001874097,1235440D:US,cyngn,https://cyngn.com/
Q4697698,,,airwatch,https://www.air-watch.com/
Q17087663,,0742210D:US,tuition-io,https://www.tuition.io/
Q6784006,0001519482,,spredfast,https://khoros.com/
Q22074922,0001707753,,elasticsearch,https://www.elastic.co/
Q18394708,0001524566,0276674D:US,wealthfront,https://www.wealthfront.com/
Q18168341,0001826018,0253836D:US,rover-com,https://www.rover.com/
Q2607531,0001022288,,harmonix-music-systems,http://harmonixmusic.com/
Q13884156,,9868129Z:US,strava,https://www.strava.com/
Q16950841,0001471827,,sparefoot,https://www.sparefoot.com/
Q30271725,0001543809,0226114D:US,learnzillion,https://learnzillion.com/p/
Q2299611,0001345016,,yelp,https://www.yelp.com/
Q13645977,,0582499D:US,classdojo,https://www.classdojo.com/
Q56274731,0001628916,,datto,https://www.datto.com/
Q4798119,0001866651,1113274D:US,rstudio,https://www.rstudio.com/
Q96392042,0001816613,1141799D:US,mark-forged,https://markforged.com/
Q106411694,0000880771,,sciclone-pharmaceuticals,http://sciclone.com/
Q22670946,,0861602D:US,behalf,https://www.behalf.com/
Q30644769,0001525760,,kenandy,https://www.kenandy.com/
Q17082991,,0877248D:US,netskope,https://www.netskope.com/
Q7858039,0001447669,TWLO:US,twilio,https://www.twilio.com/
Q213660,0001271024,,linkedin,https://www.linkedin.com/
Q96186334,0001579878,1349863D:US,figma,https://www.figma.com/
Q55611365,0001846576,,figs,https://www.wearfigs.com/
Q17077936,0001759509,,lyft,https://www.lyft.com/
Q5318305,0001541252,0165619D:US,dwolla,https://www.dwolla.com/
Q24197365,0001580211,0313861D:US,pindrop-security,https://www.pindrop.com/
Q23671247,0001372739,,harrys,https://www.harrys.com/en/us
Q17510562,0001578683,,fiftythree,https://fiftythree.com/
Q7553096,0001578775,,socrata,https://www.tylertech.com/products/socrata
Q96371442,0001602387,,acompli-inc,https://outlook.live.com/owa/
Q22906283,0001527109,,lastline,https://www.lastline.com/
Q18216788,,,chairish,https://www.chairish.com/
Q30268911,0001647320,,clementia-pharmaceuticals,https://www.ipsen.com/
Q30268888,0001117480,,chimerix,https://www.chimerix.com/
Q29097725,,,acuant,https://www.acuant.com/
Q17182538,0001395418,,alterg,https://www.alterg.com/
Q106411854,0001640266,,voyager-therapeutics,https://www.voyagertherapeutics.com/
Q106411833,,2500:HK,venus-medtech-hangzhou-inc,
Q18349147,0001615148,0860214D:NA,3d-hubs,https://www.hubs.com/?host-redirect=3dhubs
Q17088880,,0629555D:DC,vivino,http://vivino.com/
Q24890758,0001535527,CRWD:US,crowdstrike,https://www.crowdstrike.com/
Q7942354,0001440746,0111262D:US,vox-media,https://corp.voxmedia.com
Q56274731,0001628916,,datto,https://www.datto.com/
Q6658161,0001568488,,livefyre,
Q18350420,0001587468,1023727D:US,databricks,https://databricks.com/
Q6664207,,,local-motion,
Q3975878,0000915735,,stratasys,https://www.stratasys.com/
Q103951085,0001585220,1233085D:US,bluevine,https://www.bluevine.com/
Q108106907,0001805649,1544716D:US,sourcegraph,https://sourcegraph.com/search
Q17019647,0001594109,,grubhub,https://www.grubhub.com/
Q30269188,0001685316,OBSV:US,obseva,https://www.obseva.com/?doing_wp_cron=1641742067.8486490249633789062500
Q20714775,0001558048,,looker,https://looker.com/
Q104480199,0001456304,,conventus-orthopaedics,https://www.conventusortho.com/
Q22907444,0001543061,1291359D:US,offerup,https://offerup.com/
Q7918048,,,veeam-software,https://www.veeam.com/
Q18636339,0001561997,0620896D:US,3d-robotics,https://www.3dr.com/
Q97486392,0001514586,0564173D:US,appdirect,https://www.appdirect.com/
Q18455557,,0850656D:JP,freee,https://www.freee.co.jp/
Q61934485,0001655759,ARVN:US,arvinas,https://www.arvinas.com/
Q30288559,0001651159,,rgenix,https://inspirna.com
Q30271885,,,temptime-corporation,
Q65091809,,1053075D:CH,unisound-beijing,https://www.unisound.com/
Q106411791,,3119625Z:US,tecomet,https://www.tecomet.com/
Q17086822,,1292173D:US,redis-labs,https://redis.com/
Q23818238,,0975825D:LN,citymapper-limited,https://citymapper.com/
Q7534755,0001593373,0917004D:US,sketchfab,https://sketchfab.com/
Q1849593,,0418491D:US,rossignol,https://www.rossignol.com/us/
Q3373800,,1058748D:CI,ewos,
Q73417264,,0943623D:US,kensho,https://kensho.com
Q22078088,0001643455,,wand-labs,
Q65085822,0001714052,AFRM:US,affirm,https://www.affirm.com/
Q6858766,0001372375,,millennial-media,https://www.adtech.yahooinc.com/
Q30292609,,1023868D:LN,vhsquared,http://www.vhsquared.com/
Q18395600,,0922618D:US,wyzant-com,https://www.wyzant.com/
Q16972754,0001679788,0776164D:US,coinbase,https://www.coinbase.com/
Q105273838,,,teespring,https://www.spri.ng
Q21189310,0001575033,DKNG:US,draftkings,http://draftkings.com/
Q30268754,,0700444D:LN,avillion,https://avillionllp.com/
Q19903819,0001728200,,wp-engine,https://wpengine.com/
Q7801350,,,tigertext,https://tigerconnect.com/
Q18155343,,0960862D:US,trusper,https://www.musely.com/
Q65080540,0001405682,,renewable-energy-group-71a4,https://www.regi.com/
Q5287613,0001261333,,docusign,https://www.docusign.com/
Q30288730,0000850261,,sorrento-therapeutics,https://sorrentotherapeutics.com/
Q851552,0001093693,,collabnet,https://www.collab.net/
Q4118540,,,rhythmone,https://www.rhythmone.com/
Q93363004,0001596252,1088028D:US,ledgerx,https://derivs.ftx.us/
Q55632076,,1251509D:US,rubrik,https://www.rubrik.com/
Q24906315,,0616765D:IN,oyo-rooms,https://www.oyorooms.com/
Q43082774,0001601723,0885838D:US,superpedestrian,https://www.superpedestrian.com/
Q20540697,0001639415,0629254D:US,gusto,http://gusto.com/
Q22909828,,0962126D:LN,worldremit,https://www.worldremit.com/en/us
Q5275937,0001582961,DOCN:US,digitalocean,https://www.digitalocean.com/
Q20155991,0001597587,,zenefits,https://www.zenefits.com/
Q28229301,0001529203,,grovo,https://www.grovo.com/
Q16954395,0001576159,0148709D:CN,builddirect,https://www.builddirect.com/
Q16001710,,,adallom,
Q108282612,,,,https://www.splitgate.com/
Q30269231,0001410939,ISEE:US,,https://ivericbio.com/
Q39055150,,1686349D:US,,https://codesignal.com/
Q27825826,,1920108D:US,,https://clickhouse.com/
Q16900213,,651330Z:US,,https://silkroadtechnology.com/
Q94653118,,,,https://axieinfinity.com/
Q46166265,,,,https://polkadot.network/
Q6806143,,0217816D:US,,https://www.mediaocean.com/
Q107519701,0001850119,IPSC:US,century-therapeutics,https://www.centurytx.com/
